[{
  "SourceFile": "example.gif",
  "ExifToolVersion": 12.40,
  "FileName": "example.gif",
  "Directory": ".",
  "FileSize": 5760,
  "FileModifyDate": "2021:11:01 14:39:36+00:00",
  "FileAccessDate": "2022:04:12 15:49:52+00:00",
  "FileInodeChangeDate": "2022:03:02 20:29:31+00:00",
  "FilePermissions": 100666,
  "FileType": "GIF",
  "FileTypeExtension": "GIF",
  "MIMEType": "image/gif",
  "GIFVersion": "89a",
  "ImageWidth": 100,
  "ImageHeight": 67,
  "HasColorMap": 1,
  "ColorResolutionDepth": 8,
  "BitsPerPixel": 8,
  "BackgroundColor": 0,
  "AnimationIterations": 0,
  "TransparentColor": 255,
  "ImageSize": "100 67",
  "Megapixels": 0.0067
}]
